R1,FIT1,R2,FIT2,R3,FIT3,R4,FIT4,R5,FIT5,R6,FIT6,R7,FIT7,R8,FIT8,R9,FIT9,R10,FIT10
1,73,1,70,1,61,1,61,1,79,1,70,1,79,1,67,1,58,1,42
2,25,2,40,2,28,2,32.063796,2,36,2,34,2,39,2,39,2,26,2,35
3,21.674041,3,21.924833,3,26.321641,3,15,3,27,3,25.27866,3,21.000144,3,19,3,26,3,18.329689
4,12.505215,4,15.488457,4,10.850084,4,12.990921,4,18.265936,4,16.234733,4,9.726421,4,14.418801,4,22,4,16.719618
5,12.435348,5,9.6176,5,12.39557,5,12.990921,5,9.365921,5,13.625969,5,9.609,5,3.643524,5,15.88357,5,10.630999
6,7.207445,6,9.675681,6,5.699097,6,6.809628,6,8.228825,6,6.893125,6,4.345576,6,3.643524,6,10.216602,6,6.294954
7,7.123294,7,8.524049,7,5.034338,7,5.039694,7,5.34339,7,5.849986,7,4.542712,7,3.156003,7,10.216602,7,6.025672
8,4.240982,8,5.471787,8,2.75749,8,5.039694,8,4.927365,8,4.871302,8,2.099275,8,3.156003,8,9.165683,8,4.217595
9,4.240982,9,5.418404,9,2.13384,9,3.697231,9,4.330381,9,5.093035,9,1.325369,9,2.21485,9,7.189898,9,3.008038
10,4.240982,10,5.04338,10,1.995861,10,4.023895,10,3.398805,10,3.818377,10,1.006298,10,2.21485,10,6.017493,10,2.375348
11,3.393867,11,4.643298,11,1.060297,11,2.894965,11,2.700399,11,1.75443,11,0.779528,11,2.000529,11,5.342963,11,2.115006
12,2.383434,12,3.280509,12,1.060297,12,2.894965,12,2.132225,12,1.75443,12,0.69049,12,1.090497,12,2.532931,12,1.947785
13,1.563506,13,2.39906,13,0.792701,13,2.394242,13,1.509522,13,1.75443,13,0.276498,13,1.090497,13,0.872947,13,1.468685
14,1.563506,14,2.39906,14,0.792701,14,1.887227,14,1.170581,14,1.803741,14,0.165442,14,0.513283,14,0.872947,14,1.191606
15,1.127989,15,1.751946,15,0.792701,15,1.663479,15,1.170581,15,1.203726,15,0.129517,15,0.513283,15,0.872947,15,1.07124
16,0.943419,16,1.499994,16,0.40455,16,1.139063,16,1.012041,16,1.111921,16,0.05101,16,0.513283,16,0.205071,16,0.569506
17,0.761418,17,1.265154,17,0.40455,17,0.863543,17,0.576842,17,1.111921,17,0.05101,17,0.321603,17,0.634194,17,0.346448
18,0.537216,18,0.887997,18,0.380605,18,0.743126,18,0.60929,18,0.556293,18,0.05101,18,0.217438,18,0.634194,18,0.346448
19,0.25493,19,0.671919,19,0.272022,19,0.676223,19,0.368773,19,0.556293,19,0.02793,19,0.233828,19,0.634194,19,0.197634
20,0.130423,20,0.547606,20,0.182817,20,0.351118,20,0.303505,20,0.278474,20,0.02793,20,0.090244,20,0.427721,20,0.197634
21,0.116115,21,0.396117,21,0.050183,21,0.273033,21,0.233226,21,0.278474,21,0.02793,21,0.090244,21,0.28175,21,0.156877
22,0.035727,22,0.396117,22,0.050183,22,0.273033,22,0.203329,22,0.278474,22,0.02793,22,0.058555,22,0.28175,22,0.149641
23,0.035727,23,0.326158,23,0.030379,23,0.273033,23,0.179143,23,0.239513,23,0.006178,23,0.035758,23,0.213822,23,0.099167
24,0.035727,24,0.26833,24,0.028154,24,0.195194,24,0.163271,24,0.156921,24,0.006178,24,0.035758,24,0.17889,24,0.099167
25,0.035727,25,0.159187,25,0.028154,25,0.140901,25,0.144883,25,0.096855,25,0.00416,25,0.031471,25,0.137763,25,0.099167
26,0.035727,26,0.159187,26,0.018138,26,0.030825,26,0.117125,26,0.096855,26,0.00133,26,0.030036,26,0.137763,26,0.067638
27,0.032087,27,0.159187,27,0.008705,27,0.049322,27,0.106729,27,0.109433,27,0.00133,27,0.022315,27,0.103805,27,0.067638
28,0.032087,28,0.159187,28,0.008705,28,0.049725,28,0.104772,28,0.104985,28,0.00133,28,0.015846,28,0.039718,28,0.044504
29,0.032087,29,0.086371,29,0.00497,29,0.030825,29,0.077755,29,0.070054,29,0.00133,29,0.015846,29,0.039718,29,0.044504
30,0.025301,30,0.086371,30,0.00497,30,0.030726,30,0.042518,30,0.070054,30,0.000529,30,0.015846,30,0.039718,30,0.044504
31,0.025301,31,0.086371,31,0.00497,31,0.030726,31,0.042518,31,0.040793,31,0.000529,31,0.02055,31,0.039718,31,0.044504
32,0.025301,32,0.086371,32,0.002274,32,0.030726,32,0.042518,32,0.04559,32,0.000529,32,0.013299,32,0.039718,32,0.035313
33,0.022578,33,0.05519,33,0.002274,33,0.030726,33,0.025231,33,0.043965,33,0.000529,33,0.013299,33,0.039718,33,0.035313
34,0.020858,34,0.05519,34,0.002274,34,0.030726,34,0.025231,34,0.022024,34,0.000529,34,0.013299,34,0.039718,34,0.028209
35,0.020858,35,0.05519,35,0.002278,35,0.030726,35,0.025231,35,0.022024,35,0.000529,35,0.009591,35,0.034887,35,0.014129
36,0.020858,36,0.044969,36,0.000686,36,0.02463,36,0.008381,36,0.029989,36,0.000529,36,0.009591,36,0.001738,36,0.014129
37,0.002526,37,0.01677,37,0.000686,37,0.01757,37,0.016914,37,0.029989,37,0.000529,37,0.009591,37,0.015285,37,0.014129
38,0.002526,38,0.01677,38,0.000597,38,0.01757,38,0.008381,38,0.021781,38,0.000529,38,0.009591,38,0.015285,38,0.014129
39,0.002526,39,0.006178,39,0.000597,39,0.011837,39,0.008381,39,0.013869,39,0.000529,39,0.004231,39,0.015285,39,0.014129
40,0.002526,40,0.006178,40,0.000597,40,0.007965,40,0.008381,40,0.010705,40,0.000529,40,0.004231,40,0.015285,40,0.014129
41,0.002526,41,0.005143,41,0.000597,41,0.007965,41,0.00515,41,0.010705,41,0.000529,41,0.004231,41,0.001738,41,0.012084
42,0.002526,42,0.005143,42,0.000597,42,0.005826,42,0.005053,42,0.010705,42,0.000529,42,0.004355,42,0.001738,42,0.012084
43,0.002526,43,0.005143,43,0.000597,43,0.005826,43,0.004046,43,0.007985,43,0.000529,43,0.004355,43,0.001738,43,0.005064
44,0.002526,44,0.004444,44,0.000597,44,0.005826,44,0.003766,44,0.002249,44,5.00E-06,44,0.002021,44,0.001738,44,0.005064
45,0.002526,45,0.004444,45,0.000597,45,0.005826,45,0.003326,45,0.002249,45,5.00E-06,45,0.002021,45,0.000378,45,0.005064
46,0.002526,46,0.004444,46,0.000597,46,0.005826,46,0.003326,46,0.002984,46,4.00E-06,46,0.002021,46,0.002018,46,0.007665
47,0.002526,47,0.004444,47,0.000597,47,0.005826,47,0.003326,47,0.002984,47,4.00E-06,47,0.002021,47,0.002018,47,0.007665
48,0.002094,48,0.004444,48,0.000597,48,0.005826,48,0.003326,48,0.002984,48,4.00E-06,48,0.00138,48,0.002018,48,0.005064
49,0.002094,49,0.004444,49,0.000597,49,0.005826,49,0.003326,49,0.002984,49,4.00E-06,49,0.000899,49,0.002018,49,0.005064
50,0.002094,50,0.004639,50,7.70E-05,50,0.005826,50,0.003326,50,0.002984,50,4.00E-06,50,0.000899,50,0.000693,50,0.005064
51,0.002094,51,0.003372,51,7.70E-05,51,0.005826,51,0.003326,51,0.002984,51,4.00E-06,51,0.000899,51,0.000693,51,0.005425
52,0.002094,52,0.003372,52,7.70E-05,52,0.005826,52,0.003326,52,0.002984,52,4.00E-06,52,0.000563,52,0.000693,52,0.005064
53,0.002094,53,0.003372,53,7.70E-05,53,0.005826,53,0.000989,53,0.002984,53,4.00E-06,53,0.000563,53,0.000693,53,0.002745
54,0.002094,54,0.001851,54,7.70E-05,54,0.004165,54,0.000989,54,0.002774,54,4.00E-06,54,0.000563,54,0.000693,54,0.000277
55,0.000378,55,0.001851,55,7.70E-05,55,0.004165,55,0.002005,55,0.002774,55,4.00E-06,55,0.000563,55,0.000693,55,0.000277
56,0.000378,56,0.001851,56,7.70E-05,56,0.004165,56,0.002005,56,0.002401,56,4.00E-06,56,0.000563,56,0.000693,56,0.000277
57,0.000378,57,0.001851,57,7.70E-05,57,0.004165,57,0.002005,57,0.002401,57,4.00E-06,57,0.000563,57,0.000693,57,0.000277
58,0.000378,58,0.001851,58,7.70E-05,58,0.001954,58,0.002005,58,0.002216,58,4.00E-06,58,0.000563,58,0.000693,58,0.000277
59,0.000378,59,0.001851,59,7.70E-05,59,0.001954,59,0.000989,59,0.002216,59,4.00E-06,59,0.000563,59,0.000418,59,0.000277
60,0.000378,60,0.001716,60,7.70E-05,60,0.001954,60,0.00063,60,0.002216,60,4.00E-06,60,0.000563,60,0.000378,60,0.000277
61,0.000378,61,0.001716,61,7.70E-05,61,0.001954,61,0.00063,61,0.002216,61,4.00E-06,61,0.000563,61,0.000378,61,0.000277
62,0.000378,62,0.001716,62,7.70E-05,62,0.001954,62,0.00063,62,0.002249,62,4.00E-06,62,0.000563,62,0.000378,62,0.000196
63,0.000378,63,0.001716,63,7.70E-05,63,0.001954,63,0.000115,63,0.002249,63,4.00E-06,63,0.000563,63,0.000378,63,0.000196
64,0.000378,64,0.001716,64,7.70E-05,64,0.001954,64,0.000115,64,0.002249,64,4.00E-06,64,0.000563,64,0.000378,64,0.000196
65,0.000378,65,0.001716,65,2.90E-05,65,0.001954,65,0.000115,65,0.001229,65,4.00E-06,65,0.000563,65,0.000378,65,0.000196
66,0.000378,66,0.001716,66,1.40E-05,66,0.001954,66,0.000259,66,0.001229,66,4.00E-06,66,0.000563,66,0.000378,66,0.000196
67,0.000378,67,0.001716,67,1.40E-05,67,0.001954,67,0.000259,67,0.001229,67,4.00E-06,67,0.000563,67,0.000378,67,0.000196
68,0.000378,68,0.001578,68,1.40E-05,68,0.002241,68,0.000259,68,0.001229,68,4.00E-06,68,0.000274,68,0.000355,68,0.000196
69,0.000378,69,0.001431,69,1.10E-05,69,0.002241,69,0.000115,69,0.001229,69,4.00E-06,69,0.000274,69,0.000355,69,0.000196
70,0.000378,70,0.001431,70,1.10E-05,70,0.001954,70,0.000115,70,0.000881,70,4.00E-06,70,0.000274,70,0.000355,70,0.000196
71,0.000378,71,0.001431,71,1.10E-05,71,0.001954,71,0.000115,71,0.000536,71,4.00E-06,71,0.000274,71,0.000355,71,0.000196
72,7.70E-05,72,0.000604,72,1.10E-05,72,0.001954,72,0.000115,72,0.000536,72,4.00E-06,72,0.000274,72,0.000334,72,0.000196
73,7.70E-05,73,0.0005,73,1.10E-05,73,0.001954,73,0.000115,73,0.000536,73,4.00E-06,73,0.000274,73,0.000334,73,0.000196
74,6.10E-05,74,0.0005,74,1.10E-05,74,0.001954,74,0.000115,74,0.000536,74,4.00E-06,74,0.000274,74,0.000334,74,0.000196
75,6.10E-05,75,0.0005,75,1.10E-05,75,0.001954,75,0.000115,75,0.000536,75,4.00E-06,75,0.000274,75,0.000334,75,0.000196
76,6.10E-05,76,0.0005,76,1.10E-05,76,0.001954,76,0.000115,76,0.000375,76,4.00E-06,76,0.000274,76,0.000334,76,0.000196
77,6.10E-05,77,0.0005,77,1.10E-05,77,0.001734,77,0.000115,77,0.000375,77,4.00E-06,77,0.000274,77,0.000334,77,0.000196
78,6.10E-05,78,0.0005,78,1.10E-05,78,0.001734,78,0.000115,78,0.000375,78,4.00E-06,78,0.000274,78,0.000334,78,0.000196
79,5.80E-05,79,0.0005,79,1.10E-05,79,0.001734,79,0.000115,79,0.000374,79,4.00E-06,79,0.000274,79,0.000334,79,0.000196
80,5.80E-05,80,0.0005,80,1.10E-05,80,0.000511,80,0.000115,80,0.000254,80,4.00E-06,80,0.000274,80,0.000334,80,0.000196
81,5.80E-05,81,0.0005,81,1.10E-05,81,0.000511,81,0.000115,81,0.000254,81,4.00E-06,81,0.000274,81,0.000334,81,0.000196
82,5.80E-05,82,0.0005,82,1.10E-05,82,0.000546,82,0.000115,82,0.000254,82,4.00E-06,82,0.000274,82,0.000334,82,0.000196
83,5.80E-05,83,0.0005,83,1.10E-05,83,0.000546,83,0.000115,83,0.000254,83,4.00E-06,83,0.000274,83,0.000254,83,0.000196
84,5.80E-05,84,0.0005,84,1.10E-05,84,0.000511,84,0.000115,84,0.000254,84,4.00E-06,84,5.90E-05,84,0.000254,84,0.000196
85,5.80E-05,85,0.0005,85,1.10E-05,85,0.000511,85,0.000115,85,0.000254,85,4.00E-06,85,5.90E-05,85,0.000254,85,0.000196
86,5.80E-05,86,0.0005,86,1.10E-05,86,0.000511,86,0.000115,86,0.000254,86,4.00E-06,86,5.90E-05,86,0.000254,86,0.000196
87,5.80E-05,87,0.000236,87,1.10E-05,87,0.000511,87,0.000115,87,0.000254,87,4.00E-06,87,0.000122,87,0.000254,87,0.000196
88,5.80E-05,88,0.000236,88,1.10E-05,88,0.000511,88,0.000115,88,0.000254,88,4.00E-06,88,0.000122,88,0.000254,88,0.000196
89,5.80E-05,89,0.000236,89,1.10E-05,89,0.000511,89,0.000115,89,0.000254,89,4.00E-06,89,0.000122,89,0.000235,89,0.000196
90,5.80E-05,90,0.000236,90,1.10E-05,90,0.000511,90,0.000115,90,0.000254,90,4.00E-06,90,0.000179,90,0.000235,90,0.000196
91,5.80E-05,91,0.000236,91,1.10E-05,91,0.000511,91,0.000115,91,0.000254,91,4.00E-06,91,0.000179,91,0.000235,91,0.000196
92,5.80E-05,92,0.000236,92,1.10E-05,92,0.000351,92,0.000115,92,0.000254,92,4.00E-06,92,0.000179,92,0.000235,92,0.000196
93,5.80E-05,93,0.000236,93,1.10E-05,93,7.60E-05,93,0.000115,93,0.000254,93,4.00E-06,93,0.000179,93,0.000235,93,0.000196
94,5.80E-05,94,0.000236,94,1.10E-05,94,7.60E-05,94,8.30E-05,94,0.000254,94,4.00E-06,94,0.000122,94,0.000235,94,0.000196
95,5.80E-05,95,0.000236,95,6.00E-06,95,7.60E-05,95,3.80E-05,95,0.000254,95,4.00E-06,95,5.90E-05,95,0.000235,95,0.000196
96,5.80E-05,96,0.000236,96,6.00E-06,96,7.60E-05,96,3.80E-05,96,0.000254,96,4.00E-06,96,5.40E-05,96,0.000235,96,0.000196
97,5.80E-05,97,0.000236,97,6.00E-06,97,7.60E-05,97,3.80E-05,97,0.000254,97,4.00E-06,97,5.40E-05,97,0.000235,97,0.000196
98,5.80E-05,98,0.000236,98,6.00E-06,98,7.60E-05,98,3.80E-05,98,0.000254,98,4.00E-06,98,5.40E-05,98,0.000235,98,0.000196
99,5.80E-05,99,0.000236,99,6.00E-06,99,7.60E-05,99,3.80E-05,99,0.000254,99,4.00E-06,99,5.40E-05,99,0.00019,99,0.000169
100,5.80E-05,100,0.000236,100,6.00E-06,100,7.60E-05,100,3.80E-05,100,0.000254,100,4.00E-06,100,5.40E-05,100,0.00019,100,0.000169
101,5.80E-05,101,0.000236,101,6.00E-06,101,7.60E-05,101,3.80E-05,101,0.000254,101,4.00E-06,101,5.40E-05,101,0.00019,101,0.000169
102,5.80E-05,102,0.000236,102,6.00E-06,102,7.60E-05,102,3.80E-05,102,0.000254,102,4.00E-06,102,5.40E-05,102,0.00019,102,0.000169
103,5.80E-05,103,0.000236,103,6.00E-06,103,7.60E-05,103,3.80E-05,103,0.000249,103,4.00E-06,103,5.40E-05,103,0.00019,103,2.50E-05
104,4.20E-05,104,0.000204,104,6.00E-06,104,7.60E-05,104,3.80E-05,104,0.000249,104,4.00E-06,104,5.40E-05,104,0.00019,104,2.50E-05
105,4.20E-05,105,0.000204,105,6.00E-06,105,7.60E-05,105,3.80E-05,105,0.00023,105,4.00E-06,105,5.40E-05,105,0.00019,105,2.50E-05
106,4.20E-05,106,0.000204,106,6.00E-06,106,7.60E-05,106,3.80E-05,106,0.00023,106,4.00E-06,106,5.40E-05,106,0.00019,106,2.50E-05
107,4.20E-05,107,0.000204,107,6.00E-06,107,7.90E-05,107,3.80E-05,107,0.000202,107,4.00E-06,107,5.40E-05,107,0.00019,107,2.50E-05
108,4.20E-05,108,0.000204,108,6.00E-06,108,7.90E-05,108,2.70E-05,108,0.000202,108,4.00E-06,108,5.40E-05,108,0.00019,,
109,4.20E-05,109,0.000204,109,6.00E-06,109,7.90E-05,109,1.90E-05,109,0.000202,109,4.00E-06,109,5.40E-05,109,0.00019,,
110,4.20E-05,110,0.000204,110,6.00E-06,110,7.90E-05,110,1.90E-05,110,0.000202,110,4.00E-06,110,5.40E-05,110,0.00019,,
111,4.20E-05,111,0.000204,111,6.00E-06,111,7.90E-05,111,1.90E-05,111,0.000202,111,4.00E-06,111,5.40E-05,111,0.00019,,
112,4.20E-05,112,0.000204,112,6.00E-06,112,7.90E-05,112,1.90E-05,112,0.000202,112,4.00E-06,112,5.40E-05,112,0.00019,,
113,4.20E-05,113,0.000204,113,6.00E-06,113,7.90E-05,113,1.90E-05,113,5.80E-05,113,4.00E-06,113,5.40E-05,113,0.00019,,
114,4.20E-05,114,0.000204,114,6.00E-06,114,7.90E-05,114,1.90E-05,114,5.80E-05,114,4.00E-06,114,5.40E-05,114,0.00019,,
115,4.20E-05,115,0.000204,115,6.00E-06,115,7.60E-05,115,1.90E-05,115,5.80E-05,115,4.00E-06,115,5.40E-05,115,0.00019,,
116,4.20E-05,116,0.000204,116,6.00E-06,116,7.60E-05,116,1.90E-05,116,5.80E-05,116,4.00E-06,116,5.40E-05,116,0.00019,,
117,4.20E-05,117,0.000175,117,6.00E-06,117,7.60E-05,117,1.90E-05,117,5.80E-05,117,4.00E-06,117,5.40E-05,117,0.00019,,
118,4.20E-05,118,0.00014,118,6.00E-06,118,7.60E-05,118,1.90E-05,118,5.80E-05,118,4.00E-06,118,5.40E-05,118,0.00019,,
119,4.20E-05,119,0.00014,119,6.00E-06,119,7.60E-05,119,1.90E-05,119,5.80E-05,119,4.00E-06,119,5.40E-05,119,0.00019,,
120,4.20E-05,120,0.00014,120,6.00E-06,120,7.60E-05,120,1.90E-05,120,5.80E-05,120,4.00E-06,120,5.40E-05,120,0.00019,,
121,3.00E-05,121,0.00014,121,5.00E-06,121,7.60E-05,121,1.90E-05,121,5.80E-05,121,4.00E-06,121,5.40E-05,121,0.00019,,
122,3.00E-05,122,0.00014,122,5.00E-06,122,7.60E-05,122,1.90E-05,122,5.80E-05,122,4.00E-06,122,5.40E-05,122,0.00019,,
123,3.00E-05,123,0.00014,123,5.00E-06,123,5.50E-05,123,1.90E-05,123,5.80E-05,123,4.00E-06,123,5.40E-05,123,0.00019,,
124,3.00E-05,124,0.00014,124,5.00E-06,124,5.50E-05,124,1.90E-05,124,5.80E-05,124,4.00E-06,124,5.40E-05,124,0.00019,,
125,3.00E-05,125,4.40E-05,125,5.00E-06,125,5.50E-05,125,1.90E-05,125,5.80E-05,125,4.00E-06,125,5.40E-05,125,5.00E-05,,
126,3.00E-05,126,4.40E-05,126,5.00E-06,126,5.50E-05,126,1.90E-05,126,5.80E-05,126,4.00E-06,126,5.40E-05,126,5.00E-05,,
127,3.00E-05,127,4.40E-05,127,5.00E-06,127,5.50E-05,127,1.40E-05,127,5.80E-05,127,4.00E-06,127,5.40E-05,127,5.00E-05,,
128,3.00E-05,128,4.40E-05,128,5.00E-06,128,5.50E-05,128,1.40E-05,128,5.80E-05,128,4.00E-06,128,5.40E-05,128,5.00E-05,,
129,3.00E-05,129,4.40E-05,129,5.00E-06,129,5.50E-05,129,1.40E-05,129,5.80E-05,129,4.00E-06,129,5.40E-05,129,5.00E-05,,
130,3.00E-05,130,4.40E-05,130,5.00E-06,130,5.50E-05,130,1.40E-05,130,5.80E-05,130,4.00E-06,130,5.40E-05,130,5.00E-05,,
131,3.00E-05,131,4.40E-05,131,5.00E-06,131,5.50E-05,131,1.40E-05,131,5.80E-05,131,4.00E-06,131,5.40E-05,131,5.00E-05,,
132,3.00E-05,132,4.40E-05,132,5.00E-06,132,5.50E-05,132,1.40E-05,132,5.80E-05,132,4.00E-06,132,5.40E-05,132,5.00E-05,,
133,3.00E-05,133,4.40E-05,133,5.00E-06,133,5.50E-05,133,1.40E-05,133,5.80E-05,133,4.00E-06,133,5.40E-05,133,5.00E-05,,
134,3.00E-05,134,2.30E-05,134,5.00E-06,134,5.50E-05,134,1.40E-05,134,5.80E-05,134,4.00E-06,134,5.40E-05,134,5.00E-05,,
135,3.00E-05,135,2.30E-05,135,5.00E-06,135,5.50E-05,135,1.40E-05,135,5.80E-05,135,4.00E-06,135,5.40E-05,135,5.00E-05,,
136,3.00E-05,136,2.30E-05,136,5.00E-06,136,3.40E-05,136,1.40E-05,136,5.80E-05,136,4.00E-06,136,5.40E-05,136,5.00E-05,,
137,3.00E-05,137,2.30E-05,137,5.00E-06,137,3.40E-05,137,1.40E-05,137,5.80E-05,137,4.00E-06,137,5.40E-05,137,5.00E-05,,
138,3.00E-05,138,2.30E-05,138,5.00E-06,138,3.40E-05,138,1.40E-05,138,5.80E-05,138,4.00E-06,138,3.00E-05,138,5.00E-05,,
139,2.10E-05,139,2.30E-05,139,5.00E-06,139,3.40E-05,139,1.00E-05,139,5.80E-05,139,4.00E-06,139,3.00E-05,139,5.00E-05,,
140,2.10E-05,140,2.30E-05,140,5.00E-06,140,3.40E-05,140,1.00E-05,140,5.80E-05,140,4.00E-06,140,3.00E-05,140,5.00E-05,,
141,2.10E-05,141,2.30E-05,141,5.00E-06,141,3.40E-05,141,1.00E-05,141,5.80E-05,141,4.00E-06,141,3.00E-05,141,5.00E-05,,
142,2.10E-05,142,2.30E-05,142,5.00E-06,142,3.40E-05,142,1.00E-05,142,5.80E-05,142,4.00E-06,142,3.00E-05,142,5.00E-05,,
143,2.10E-05,143,2.30E-05,143,5.00E-06,143,3.40E-05,143,1.00E-05,143,5.80E-05,143,4.00E-06,143,3.00E-05,143,5.00E-05,,
144,2.10E-05,144,2.30E-05,144,5.00E-06,144,3.40E-05,144,1.00E-05,144,3.40E-05,144,4.00E-06,144,3.00E-05,144,5.00E-05,,
145,2.10E-05,145,2.30E-05,145,5.00E-06,145,3.40E-05,145,1.00E-05,145,3.40E-05,145,4.00E-06,145,3.00E-05,145,5.00E-05,,
146,2.10E-05,146,2.30E-05,146,5.00E-06,146,3.40E-05,146,1.00E-05,146,3.40E-05,146,4.00E-06,146,3.00E-05,146,5.00E-05,,
147,2.10E-05,147,2.30E-05,147,5.00E-06,147,3.40E-05,147,1.00E-05,147,3.40E-05,147,4.00E-06,147,3.00E-05,147,5.00E-05,,
148,2.10E-05,148,2.20E-05,148,5.00E-06,148,3.40E-05,148,1.00E-05,148,3.40E-05,148,4.00E-06,148,3.00E-05,148,5.00E-05,,
149,2.10E-05,149,2.20E-05,149,5.00E-06,149,3.40E-05,149,1.00E-05,149,3.40E-05,149,4.00E-06,149,3.00E-05,149,5.00E-05,,
150,2.10E-05,150,2.20E-05,150,5.00E-06,150,1.00E-05,150,1.00E-05,150,3.40E-05,150,4.00E-06,150,3.00E-05,150,5.00E-05,,
151,2.10E-05,151,2.20E-05,151,5.00E-06,151,1.00E-05,151,1.00E-05,151,3.40E-05,151,4.00E-06,151,3.00E-05,151,5.00E-05,,
152,2.10E-05,152,2.20E-05,152,5.00E-06,152,1.00E-05,152,1.00E-05,152,3.40E-05,152,4.00E-06,152,3.00E-05,152,5.00E-05,,
153,2.10E-05,153,2.20E-05,153,5.00E-06,153,1.00E-05,153,1.00E-05,153,3.40E-05,153,4.00E-06,153,3.00E-05,153,5.00E-05,,
154,2.10E-05,154,2.30E-05,154,1.00E-06,154,1.00E-05,154,1.00E-05,154,3.40E-05,154,4.00E-06,154,3.00E-05,154,5.00E-05,,
155,2.10E-05,155,2.30E-05,155,1.00E-06,155,1.00E-05,155,1.00E-05,155,3.40E-05,155,4.00E-06,155,3.00E-05,155,5.00E-05,,
156,2.10E-05,156,2.30E-05,156,1.00E-06,156,1.00E-05,156,1.00E-05,156,3.40E-05,156,1.00E-06,156,3.00E-05,156,5.00E-05,,
157,1.40E-05,157,2.30E-05,157,1.00E-06,157,1.00E-05,157,1.00E-05,157,3.40E-05,157,1.00E-06,157,3.00E-05,157,5.00E-05,,
158,1.40E-05,158,2.30E-05,158,1.00E-06,158,1.00E-05,158,1.00E-05,158,3.40E-05,158,1.00E-06,158,3.00E-05,158,5.00E-05,,
159,1.40E-05,159,2.30E-05,159,1.00E-06,159,1.00E-05,159,1.00E-05,159,3.40E-05,159,1.00E-06,159,5.00E-06,159,5.00E-05,,
160,1.40E-05,160,2.30E-05,160,1.00E-06,160,1.00E-05,160,1.00E-05,160,3.40E-05,160,1.00E-06,160,5.00E-06,160,5.00E-05,,
161,1.40E-05,161,2.30E-05,161,1.00E-06,161,1.00E-05,161,1.00E-05,161,3.40E-05,161,1.00E-06,161,5.00E-06,161,5.00E-05,,
162,1.40E-05,162,2.30E-05,162,1.00E-06,162,1.00E-05,162,1.00E-05,162,3.40E-05,162,1.00E-06,162,5.00E-06,162,5.00E-05,,
163,1.40E-05,163,2.30E-05,163,1.00E-06,163,1.00E-05,163,1.00E-05,163,3.40E-05,163,1.00E-06,163,5.00E-06,163,5.00E-05,,
164,1.40E-05,164,2.30E-05,164,1.00E-06,164,1.00E-05,164,1.00E-05,164,3.40E-05,164,1.00E-06,164,5.00E-06,164,5.00E-05,,
165,1.40E-05,165,2.30E-05,165,1.00E-06,165,1.00E-05,165,5.00E-06,165,3.40E-05,165,1.00E-06,165,5.00E-06,165,4.50E-05,,
166,1.40E-05,166,1.80E-05,166,1.00E-06,166,1.00E-05,166,5.00E-06,166,3.40E-05,166,1.00E-06,166,5.00E-06,166,4.50E-05,,
167,1.40E-05,167,1.80E-05,167,1.00E-06,167,1.00E-05,167,5.00E-06,167,3.40E-05,167,1.00E-06,167,5.00E-06,167,4.50E-05,,
168,1.40E-05,168,1.70E-05,168,1.00E-06,168,1.00E-05,168,5.00E-06,168,3.40E-05,168,1.00E-06,168,5.00E-06,168,1.80E-05,,
169,1.40E-05,169,1.70E-05,169,1.00E-06,169,1.00E-05,169,5.00E-06,169,3.40E-05,169,1.00E-06,169,5.00E-06,169,1.80E-05,,
170,1.40E-05,170,1.70E-05,170,1.00E-06,170,1.00E-05,170,5.00E-06,170,3.40E-05,170,1.00E-06,170,5.00E-06,170,1.80E-05,,
171,1.40E-05,171,1.70E-05,171,1.00E-06,171,1.00E-05,171,5.00E-06,171,3.40E-05,171,1.00E-06,171,5.00E-06,171,1.80E-05,,
172,1.40E-05,172,1.70E-05,172,1.00E-06,172,1.00E-05,172,5.00E-06,172,3.40E-05,172,4.00E-06,172,5.00E-06,172,1.80E-05,,
173,1.40E-05,173,1.70E-05,173,1.00E-06,173,1.00E-05,173,5.00E-06,173,3.40E-05,173,1.00E-06,173,5.00E-06,173,1.80E-05,,
174,1.40E-05,174,1.70E-05,174,1.00E-06,174,1.00E-05,174,5.00E-06,174,2.50E-05,174,1.00E-06,174,5.00E-06,174,1.80E-05,,
175,1.40E-05,175,1.50E-05,175,1.00E-06,175,1.00E-05,175,5.00E-06,175,1.70E-05,175,1.00E-06,175,5.00E-06,175,1.30E-05,,
176,1.40E-05,176,1.50E-05,176,1.00E-06,176,1.00E-05,176,5.00E-06,176,1.70E-05,176,1.00E-06,176,5.00E-06,176,1.30E-05,,
177,1.40E-05,177,1.50E-05,177,1.00E-06,177,1.00E-05,177,5.00E-06,177,1.70E-05,177,1.00E-06,177,5.00E-06,177,1.30E-05,,
178,1.40E-05,178,1.50E-05,178,1.00E-06,178,1.00E-05,178,5.00E-06,178,1.70E-05,178,1.00E-06,178,5.00E-06,178,1.30E-05,,
179,1.40E-05,179,1.50E-05,179,1.00E-06,179,1.00E-05,179,5.00E-06,179,1.70E-05,179,1.00E-06,179,5.00E-06,179,1.30E-05,,
180,1.40E-05,180,1.50E-05,180,1.00E-06,180,1.00E-05,180,5.00E-06,180,1.70E-05,180,1.00E-06,180,5.00E-06,180,1.30E-05,,
181,1.40E-05,181,1.50E-05,181,1.00E-06,181,1.00E-05,181,5.00E-06,181,1.70E-05,181,1.00E-06,181,5.00E-06,181,1.30E-05,,
182,1.40E-05,182,1.50E-05,182,1.00E-06,182,1.00E-05,182,5.00E-06,182,1.70E-05,182,1.00E-06,182,5.00E-06,182,1.30E-05,,
183,1.40E-05,183,1.50E-05,183,1.00E-06,183,1.00E-05,183,5.00E-06,183,1.70E-05,183,1.00E-06,183,5.00E-06,183,1.30E-05,,
184,1.40E-05,184,1.50E-05,184,1.00E-06,184,1.00E-05,184,5.00E-06,184,1.70E-05,184,1.00E-06,184,5.00E-06,184,1.30E-05,,
185,1.40E-05,185,1.50E-05,185,1.00E-06,185,1.00E-05,185,5.00E-06,185,1.70E-05,185,1.00E-06,185,5.00E-06,185,1.30E-05,,
186,1.40E-05,186,1.50E-05,186,1.00E-06,186,7.00E-06,186,5.00E-06,186,1.70E-05,186,1.00E-06,186,5.00E-06,186,1.30E-05,,
187,1.40E-05,187,1.50E-05,187,1.00E-06,187,7.00E-06,187,5.00E-06,187,1.70E-05,187,1.00E-06,187,5.00E-06,187,1.30E-05,,
188,1.40E-05,188,1.50E-05,188,1.00E-06,188,7.00E-06,188,5.00E-06,188,1.70E-05,188,1.00E-06,188,5.00E-06,188,1.30E-05,,
189,1.40E-05,189,1.50E-05,189,1.00E-06,189,7.00E-06,189,5.00E-06,189,1.70E-05,189,1.00E-06,189,5.00E-06,189,1.30E-05,,
190,1.40E-05,190,1.50E-05,190,1.00E-06,190,7.00E-06,190,5.00E-06,190,1.70E-05,190,1.00E-06,190,5.00E-06,190,1.30E-05,,
191,1.40E-05,191,1.50E-05,191,1.00E-06,191,7.00E-06,191,5.00E-06,191,1.70E-05,191,1.00E-06,191,5.00E-06,191,1.30E-05,,
192,1.40E-05,192,1.50E-05,192,1.00E-06,192,7.00E-06,192,5.00E-06,192,1.70E-05,192,1.00E-06,192,5.00E-06,192,1.30E-05,,
193,1.40E-05,193,1.50E-05,193,1.00E-06,193,7.00E-06,193,5.00E-06,193,1.70E-05,193,1.00E-06,193,5.00E-06,193,1.30E-05,,
194,1.40E-05,194,1.50E-05,194,1.00E-06,194,7.00E-06,194,5.00E-06,194,1.70E-05,194,1.00E-06,194,5.00E-06,194,1.30E-05,,
195,1.40E-05,195,1.50E-05,195,1.00E-06,195,7.00E-06,195,5.00E-06,195,1.70E-05,195,1.00E-06,195,5.00E-06,195,1.30E-05,,
196,1.40E-05,196,1.50E-05,196,1.00E-06,196,7.00E-06,196,5.00E-06,196,1.70E-05,196,1.00E-06,196,5.00E-06,196,1.30E-05,,
197,1.40E-05,197,1.50E-05,197,1.00E-06,197,7.00E-06,197,5.00E-06,197,1.70E-05,197,1.00E-06,197,5.00E-06,197,1.30E-05,,
198,1.40E-05,198,1.50E-05,198,1.00E-06,198,7.00E-06,198,5.00E-06,198,1.70E-05,198,1.00E-06,198,5.00E-06,198,1.30E-05,,
199,1.40E-05,199,1.50E-05,199,1.00E-06,199,7.00E-06,199,5.00E-06,199,1.70E-05,199,1.00E-06,199,5.00E-06,199,1.30E-05,,
200,1.40E-05,200,1.50E-05,200,1.00E-06,200,7.00E-06,200,5.00E-06,200,1.70E-05,200,1.00E-06,200,5.00E-06,200,1.30E-05,,
201,1.40E-05,201,1.50E-05,201,1.00E-06,201,7.00E-06,201,5.00E-06,201,1.70E-05,201,1.00E-06,201,5.00E-06,201,1.30E-05,,
202,1.40E-05,202,1.50E-05,202,1.00E-06,202,7.00E-06,202,5.00E-06,202,1.70E-05,202,1.00E-06,202,5.00E-06,202,1.00E-05,,
203,1.40E-05,203,1.50E-05,203,1.00E-06,203,7.00E-06,203,5.00E-06,203,1.70E-05,203,1.00E-06,203,5.00E-06,203,1.00E-05,,
204,1.40E-05,204,1.50E-05,204,1.00E-06,204,7.00E-06,204,5.00E-06,204,1.70E-05,204,1.00E-06,204,5.00E-06,204,1.00E-05,,
205,1.40E-05,205,1.50E-05,205,1.00E-06,205,7.00E-06,205,5.00E-06,205,1.70E-05,205,1.00E-06,205,5.00E-06,205,1.00E-05,,
206,1.40E-05,206,1.50E-05,206,1.00E-06,206,7.00E-06,206,5.00E-06,206,1.70E-05,206,1.00E-06,206,5.00E-06,206,1.00E-05,,
207,1.40E-05,207,1.50E-05,207,1.00E-06,207,6.00E-06,207,5.00E-06,207,1.70E-05,207,1.00E-06,207,5.00E-06,207,1.00E-05,,
208,1.40E-05,208,1.50E-05,208,1.00E-06,208,6.00E-06,208,5.00E-06,208,1.70E-05,208,1.00E-06,208,5.00E-06,208,1.00E-05,,
209,1.40E-05,209,1.50E-05,209,1.00E-06,209,6.00E-06,209,5.00E-06,209,1.70E-05,209,1.00E-06,209,5.00E-06,209,1.00E-05,,
210,1.40E-05,210,1.50E-05,210,1.00E-06,210,6.00E-06,210,5.00E-06,210,1.70E-05,210,1.00E-06,210,5.00E-06,210,1.00E-05,,
211,1.40E-05,211,1.50E-05,211,1.00E-06,211,6.00E-06,211,5.00E-06,211,1.70E-05,211,1.00E-06,211,5.00E-06,211,1.00E-05,,
212,1.40E-05,212,1.50E-05,212,1.00E-06,212,6.00E-06,212,5.00E-06,212,1.70E-05,212,1.00E-06,212,5.00E-06,212,1.00E-05,,
213,1.40E-05,213,1.50E-05,213,1.00E-06,213,6.00E-06,213,5.00E-06,213,1.70E-05,213,1.00E-06,213,5.00E-06,213,1.00E-05,,
214,1.10E-05,214,1.50E-05,214,1.00E-06,214,6.00E-06,214,5.00E-06,214,1.70E-05,214,1.00E-06,214,5.00E-06,214,1.00E-05,,
215,1.10E-05,215,1.50E-05,215,1.00E-06,215,6.00E-06,215,5.00E-06,215,1.70E-05,215,1.00E-06,215,5.00E-06,215,1.00E-05,,
216,1.10E-05,216,1.50E-05,216,1.00E-06,216,6.00E-06,216,5.00E-06,216,1.70E-05,216,1.00E-06,216,5.00E-06,216,9.00E-06,,
217,1.10E-05,217,1.50E-05,217,1.00E-06,217,6.00E-06,217,5.00E-06,217,1.70E-05,217,1.00E-06,217,5.00E-06,217,9.00E-06,,
218,1.10E-05,218,1.50E-05,218,1.00E-06,218,6.00E-06,218,5.00E-06,218,1.70E-05,218,1.00E-06,218,5.00E-06,218,9.00E-06,,
219,1.10E-05,219,1.50E-05,219,1.00E-06,219,6.00E-06,219,5.00E-06,219,1.70E-05,219,1.00E-06,219,5.00E-06,219,9.00E-06,,
220,1.10E-05,220,1.50E-05,220,1.00E-06,220,6.00E-06,220,5.00E-06,220,1.70E-05,220,1.00E-06,220,5.00E-06,220,9.00E-06,,
221,1.10E-05,221,1.50E-05,221,1.00E-06,221,5.00E-06,221,5.00E-06,221,1.70E-05,221,1.00E-06,221,5.00E-06,221,9.00E-06,,
222,1.10E-05,222,1.50E-05,222,1.00E-06,222,5.00E-06,222,5.00E-06,222,1.70E-05,222,1.00E-06,222,5.00E-06,222,9.00E-06,,
223,1.10E-05,223,1.50E-05,223,1.00E-06,223,5.00E-06,223,5.00E-06,223,1.70E-05,223,1.00E-06,223,2.00E-06,223,9.00E-06,,
224,1.10E-05,224,1.50E-05,224,1.00E-06,224,5.00E-06,224,5.00E-06,224,1.70E-05,224,1.00E-06,224,2.00E-06,224,9.00E-06,,
225,1.10E-05,225,1.50E-05,225,1.00E-06,225,5.00E-06,225,5.00E-06,225,1.70E-05,225,1.00E-06,225,2.00E-06,225,9.00E-06,,
226,1.10E-05,226,1.50E-05,226,1.00E-06,226,5.00E-06,226,5.00E-06,226,1.70E-05,226,1.00E-06,226,2.00E-06,226,9.00E-06,,
227,1.10E-05,227,1.50E-05,227,1.00E-06,227,5.00E-06,227,5.00E-06,227,1.70E-05,227,1.00E-06,227,2.00E-06,227,9.00E-06,,
228,1.10E-05,228,1.50E-05,228,1.00E-06,228,5.00E-06,228,5.00E-06,228,1.00E-05,228,1.00E-06,228,2.00E-06,228,9.00E-06,,
229,1.10E-05,229,1.50E-05,229,1.00E-06,229,5.00E-06,229,5.00E-06,229,1.00E-05,229,1.00E-06,229,2.00E-06,229,9.00E-06,,
230,1.10E-05,230,1.50E-05,230,1.00E-06,230,5.00E-06,230,5.00E-06,230,1.00E-05,230,1.00E-06,230,2.00E-06,230,9.00E-06,,
231,1.10E-05,231,1.50E-05,231,1.00E-06,231,5.00E-06,231,5.00E-06,231,1.00E-05,231,1.00E-06,231,2.00E-06,231,9.00E-06,,
232,1.10E-05,232,1.50E-05,232,1.00E-06,232,5.00E-06,232,5.00E-06,232,1.00E-05,232,1.00E-06,232,2.00E-06,232,9.00E-06,,
233,1.10E-05,233,1.50E-05,233,1.00E-06,233,5.00E-06,233,5.00E-06,233,1.00E-05,233,1.00E-06,233,2.00E-06,233,9.00E-06,,
234,1.10E-05,234,1.50E-05,234,1.00E-06,234,5.00E-06,234,5.00E-06,234,1.00E-05,234,1.00E-06,234,2.00E-06,234,9.00E-06,,
235,1.10E-05,235,1.50E-05,235,1.00E-06,235,5.00E-06,235,5.00E-06,235,1.00E-05,235,1.00E-06,235,2.00E-06,235,9.00E-06,,
236,1.10E-05,236,1.50E-05,236,1.00E-06,236,5.00E-06,236,5.00E-06,236,1.00E-05,236,1.00E-06,236,2.00E-06,236,9.00E-06,,
237,1.10E-05,237,1.10E-05,237,1.00E-06,237,5.00E-06,237,5.00E-06,237,1.00E-05,237,1.00E-06,237,2.00E-06,237,9.00E-06,,
238,1.10E-05,238,1.10E-05,238,1.00E-06,238,5.00E-06,238,5.00E-06,238,1.00E-05,238,1.00E-06,238,2.00E-06,238,6.00E-06,,
239,1.10E-05,239,1.10E-05,239,1.00E-06,239,5.00E-06,239,5.00E-06,239,1.00E-05,239,1.00E-06,239,2.00E-06,239,6.00E-06,,
240,1.10E-05,240,1.10E-05,240,1.00E-06,240,5.00E-06,240,5.00E-06,240,1.00E-05,240,1.00E-06,240,2.00E-06,240,6.00E-06,,
241,1.10E-05,241,1.10E-05,241,1.00E-06,241,5.00E-06,241,5.00E-06,241,1.00E-05,241,1.00E-06,241,2.00E-06,241,6.00E-06,,
242,1.10E-05,242,1.10E-05,242,1.00E-06,242,5.00E-06,242,5.00E-06,242,1.00E-05,242,1.00E-06,242,2.00E-06,242,6.00E-06,,
243,1.10E-05,243,1.10E-05,243,1.00E-06,243,5.00E-06,243,5.00E-06,243,1.00E-05,243,1.00E-06,243,2.00E-06,243,6.00E-06,,
244,1.10E-05,244,1.10E-05,244,1.00E-06,244,5.00E-06,244,5.00E-06,244,1.00E-05,244,1.00E-06,244,2.00E-06,244,6.00E-06,,
245,1.10E-05,245,1.10E-05,245,1.00E-06,245,5.00E-06,245,5.00E-06,245,1.00E-05,245,1.00E-06,245,2.00E-06,245,6.00E-06,,
246,1.10E-05,246,1.10E-05,246,1.00E-06,246,5.00E-06,246,5.00E-06,246,1.00E-05,246,1.00E-06,246,2.00E-06,246,6.00E-06,,
247,1.10E-05,247,1.10E-05,247,1.00E-06,247,5.00E-06,247,5.00E-06,247,1.00E-05,247,1.00E-06,247,2.00E-06,247,6.00E-06,,
248,1.10E-05,248,1.10E-05,248,1.00E-06,248,5.00E-06,248,5.00E-06,248,1.00E-05,248,1.00E-06,248,2.00E-06,248,6.00E-06,,
249,1.10E-05,249,1.10E-05,249,1.00E-06,249,5.00E-06,249,5.00E-06,249,1.00E-05,249,1.00E-06,249,2.00E-06,249,6.00E-06,,
250,1.10E-05,250,1.10E-05,250,1.00E-06,250,5.00E-06,250,5.00E-06,250,1.00E-05,250,1.00E-06,250,2.00E-06,250,6.00E-06,,
251,1.10E-05,251,1.10E-05,251,1.00E-06,251,5.00E-06,251,5.00E-06,251,1.00E-05,251,1.00E-06,251,2.00E-06,251,6.00E-06,,
252,1.10E-05,252,1.10E-05,252,1.00E-06,252,5.00E-06,252,5.00E-06,252,1.00E-05,252,1.00E-06,252,2.00E-06,252,6.00E-06,,
253,1.10E-05,253,1.10E-05,253,1.00E-06,253,5.00E-06,253,5.00E-06,253,1.00E-05,253,1.00E-06,253,2.00E-06,253,6.00E-06,,
254,1.10E-05,254,1.10E-05,254,1.00E-06,254,5.00E-06,254,5.00E-06,254,1.00E-05,254,1.00E-06,254,2.00E-06,254,6.00E-06,,
255,1.10E-05,255,1.10E-05,255,1.00E-06,255,5.00E-06,255,5.00E-06,255,1.00E-05,255,1.00E-06,255,2.00E-06,255,6.00E-06,,
256,1.10E-05,256,1.10E-05,256,1.00E-06,256,5.00E-06,256,5.00E-06,256,1.00E-05,256,1.00E-06,256,2.00E-06,256,6.00E-06,,
257,1.10E-05,257,1.10E-05,257,1.00E-06,257,2.00E-06,257,5.00E-06,257,1.00E-05,257,1.00E-06,257,2.00E-06,257,6.00E-06,,
258,1.10E-05,258,1.10E-05,258,1.00E-06,258,2.00E-06,258,5.00E-06,258,1.00E-05,258,1.00E-06,258,2.00E-06,258,6.00E-06,,
259,1.10E-05,259,1.10E-05,259,1.00E-06,259,2.00E-06,259,5.00E-06,259,1.00E-05,259,1.00E-06,259,2.00E-06,259,6.00E-06,,
260,1.10E-05,260,1.10E-05,260,1.00E-06,260,2.00E-06,260,5.00E-06,260,1.00E-05,260,1.00E-06,260,2.00E-06,260,6.00E-06,,
261,1.10E-05,261,1.10E-05,261,1.00E-06,261,2.00E-06,261,5.00E-06,261,1.00E-05,261,1.00E-06,261,2.00E-06,261,6.00E-06,,
262,1.10E-05,262,1.10E-05,262,1.00E-06,262,2.00E-06,262,5.00E-06,262,1.00E-05,262,1.00E-06,262,2.00E-06,262,6.00E-06,,
263,1.10E-05,263,1.10E-05,263,1.00E-06,263,2.00E-06,263,5.00E-06,263,1.00E-05,263,1.00E-06,263,2.00E-06,263,6.00E-06,,
264,1.10E-05,264,1.10E-05,264,1.00E-06,264,2.00E-06,264,5.00E-06,264,1.00E-05,264,1.00E-06,264,2.00E-06,264,6.00E-06,,
265,1.10E-05,265,1.10E-05,265,1.00E-06,265,2.00E-06,265,5.00E-06,265,1.00E-05,265,1.00E-06,265,2.00E-06,265,6.00E-06,,
266,1.10E-05,266,1.10E-05,266,1.00E-06,266,2.00E-06,266,5.00E-06,266,1.00E-05,266,1.00E-06,266,2.00E-06,266,6.00E-06,,
267,1.10E-05,267,1.10E-05,267,1.00E-06,267,2.00E-06,267,5.00E-06,267,1.00E-05,267,1.00E-06,267,2.00E-06,267,6.00E-06,,
268,1.10E-05,268,1.10E-05,268,1.00E-06,268,2.00E-06,268,5.00E-06,268,1.00E-05,268,1.00E-06,268,2.00E-06,268,6.00E-06,,
269,1.10E-05,269,1.10E-05,269,1.00E-06,269,2.00E-06,269,5.00E-06,269,1.00E-05,269,1.00E-06,269,2.00E-06,269,6.00E-06,,
270,1.10E-05,270,1.10E-05,270,1.00E-06,270,2.00E-06,270,5.00E-06,270,1.00E-05,270,1.00E-06,270,2.00E-06,270,6.00E-06,,
271,1.10E-05,271,1.10E-05,271,1.00E-06,271,2.00E-06,271,5.00E-06,271,1.00E-05,271,1.00E-06,271,2.00E-06,271,6.00E-06,,
272,1.10E-05,272,1.10E-05,272,1.00E-06,272,2.00E-06,272,5.00E-06,272,1.00E-05,272,1.00E-06,272,2.00E-06,272,6.00E-06,,
273,1.10E-05,273,1.10E-05,273,1.00E-06,273,2.00E-06,273,5.00E-06,273,1.00E-05,273,1.00E-06,273,2.00E-06,273,6.00E-06,,
274,1.10E-05,274,1.10E-05,274,1.00E-06,274,2.00E-06,274,5.00E-06,274,1.00E-05,274,1.00E-06,274,2.00E-06,274,6.00E-06,,
275,3.00E-06,275,1.10E-05,275,1.00E-06,275,2.00E-06,275,5.00E-06,275,1.00E-05,275,1.00E-06,275,2.00E-06,275,6.00E-06,,
276,3.00E-06,276,1.10E-05,276,1.00E-06,276,2.00E-06,276,5.00E-06,276,1.00E-05,276,1.00E-06,276,2.00E-06,276,6.00E-06,,
277,3.00E-06,277,1.10E-05,277,1.00E-06,277,2.00E-06,277,5.00E-06,277,1.00E-05,277,1.00E-06,277,2.00E-06,277,6.00E-06,,
278,3.00E-06,278,7.00E-06,278,1.00E-06,278,2.00E-06,278,5.00E-06,278,1.00E-05,278,1.00E-06,278,2.00E-06,278,6.00E-06,,
279,3.00E-06,279,7.00E-06,279,1.00E-06,279,2.00E-06,279,5.00E-06,279,1.00E-05,279,1.00E-06,279,2.00E-06,279,6.00E-06,,
280,3.00E-06,280,7.00E-06,280,1.00E-06,280,2.00E-06,280,5.00E-06,280,1.00E-05,280,1.00E-06,280,2.00E-06,280,6.00E-06,,
281,3.00E-06,281,7.00E-06,281,1.00E-06,281,2.00E-06,281,5.00E-06,281,1.00E-05,281,1.00E-06,281,2.00E-06,281,6.00E-06,,
282,3.00E-06,282,3.00E-06,282,1.00E-06,282,2.00E-06,282,2.00E-06,282,1.00E-05,282,1.00E-06,282,2.00E-06,282,6.00E-06,,
283,3.00E-06,283,3.00E-06,283,1.00E-06,283,2.00E-06,283,2.00E-06,283,1.00E-05,283,1.00E-06,283,2.00E-06,283,6.00E-06,,
284,3.00E-06,284,3.00E-06,284,1.00E-06,284,2.00E-06,284,2.00E-06,284,1.00E-05,284,1.00E-06,284,2.00E-06,284,6.00E-06,,
285,3.00E-06,285,3.00E-06,285,1.00E-06,285,2.00E-06,285,2.00E-06,285,1.00E-05,285,1.00E-06,285,1.00E-06,285,6.00E-06,,
286,3.00E-06,286,3.00E-06,286,1.00E-06,286,2.00E-06,286,2.00E-06,286,1.00E-05,286,1.00E-06,286,1.00E-06,286,6.00E-06,,
287,3.00E-06,287,3.00E-06,287,1.00E-06,287,2.00E-06,287,2.00E-06,287,5.00E-06,287,1.00E-06,287,1.00E-06,287,6.00E-06,,
288,3.00E-06,288,3.00E-06,288,1.00E-06,288,2.00E-06,288,2.00E-06,288,5.00E-06,288,1.00E-06,288,1.00E-06,288,6.00E-06,,
289,3.00E-06,289,3.00E-06,289,1.00E-06,289,2.00E-06,289,2.00E-06,289,5.00E-06,289,1.00E-06,289,1.00E-06,289,6.00E-06,,
290,3.00E-06,290,3.00E-06,290,1.00E-06,290,2.00E-06,290,2.00E-06,290,5.00E-06,290,1.00E-06,290,1.00E-06,290,6.00E-06,,
291,3.00E-06,291,3.00E-06,291,1.00E-06,291,2.00E-06,291,2.00E-06,291,5.00E-06,291,1.00E-06,291,1.00E-06,291,6.00E-06,,
292,3.00E-06,292,3.00E-06,292,1.00E-06,292,2.00E-06,292,2.00E-06,292,5.00E-06,292,1.00E-06,292,1.00E-06,292,6.00E-06,,
293,3.00E-06,293,3.00E-06,293,1.00E-06,293,2.00E-06,293,2.00E-06,293,5.00E-06,293,1.00E-06,293,1.00E-06,293,6.00E-06,,
294,3.00E-06,294,3.00E-06,294,1.00E-06,294,2.00E-06,294,2.00E-06,294,5.00E-06,294,1.00E-06,294,1.00E-06,294,6.00E-06,,
295,3.00E-06,295,3.00E-06,295,1.00E-06,295,2.00E-06,295,2.00E-06,295,5.00E-06,295,1.00E-06,295,1.00E-06,295,6.00E-06,,
296,3.00E-06,296,3.00E-06,296,1.00E-06,296,2.00E-06,296,2.00E-06,296,5.00E-06,296,1.00E-06,296,1.00E-06,296,6.00E-06,,
297,3.00E-06,297,3.00E-06,297,1.00E-06,297,2.00E-06,297,2.00E-06,297,5.00E-06,297,1.00E-06,297,1.00E-06,297,6.00E-06,,
298,3.00E-06,298,3.00E-06,298,1.00E-06,298,2.00E-06,298,2.00E-06,298,5.00E-06,298,1.00E-06,298,1.00E-06,298,6.00E-06,,
299,3.00E-06,299,3.00E-06,299,1.00E-06,299,2.00E-06,299,2.00E-06,299,5.00E-06,299,1.00E-06,299,1.00E-06,299,6.00E-06,,